url,domain,post_ids,type,review_status
Https://github.com/boxabirds/awesome-local-ai,github.com,1wql1ru,Technical source,Extracted URL candidate; may be local/example/malformed; full-page review not implied
http://0.0.0.0,0.0.0.0,1wpos8f;1wu0nvv,Related discussion / media / retail / other,Extracted URL candidate; may be local/example/malformed; full-page review not implied
http://0.0.0.0:8731,0.0.0.0:8731,1wo92rk,Related discussion / media / retail / other,Extracted URL candidate; may be local/example/malformed; full-page review not implied
http://127.0.0.1:11004,127.0.0.1:11004,1wndqjl,Related discussion / media / retail / other,Extracted URL candidate; may be local/example/malformed; full-page review not implied
http://127.0.0.1:8080/v1,127.0.0.1:8080,1wqag3o,Related discussion / media / retail / other,Extracted URL candidate; may be local/example/malformed; full-page review not implied
http://127.0.0.1:8080/v1`:hf,127.0.0.1:8080,1wqix0w,Related discussion / media / retail / other,Extracted URL candidate; may be local/example/malformed; full-page review not implied
http://AGENTS.md,agents.md,1wox73l,Related discussion / media / retail / other,Extracted URL candidate; may be local/example/malformed; full-page review not implied
http://After=network-online.target,after=network-online.target,1wndqjl,Related discussion / media / retail / other,Extracted URL candidate; may be local/example/malformed; full-page review not implied
http://WantedBy=multi-user.target,wantedby=multi-user.target,1wndqjl,Related discussion / media / retail / other,Extracted URL candidate; may be local/example/malformed; full-page review not implied
http://Wants=network-online.target,wants=network-online.target,1wndqjl,Related discussion / media / retail / other,Extracted URL candidate; may be local/example/malformed; full-page review not implied
http://Z.AI,z.ai,1ws844h,Related discussion / media / retail / other,Extracted URL candidate; may be local/example/malformed; full-page review not implied
http://ghcr.io/gufo-org/toolboxes/gufo-runtime:0.2.0,ghcr.io,1wu0nvv,Related discussion / media / retail / other,Extracted URL candidate; may be local/example/malformed; full-page review not implied
http://ghcr.io/gufo-org/toolboxes/gufo-runtime:latest,ghcr.io,1wox73l;1wpos8f,Related discussion / media / retail / other,Extracted URL candidate; may be local/example/malformed; full-page review not implied
http://ghcr.io/peonist-ai/halogen-flash-server:0.12.0,ghcr.io,1wndqjl,Related discussion / media / retail / other,Extracted URL candidate; may be local/example/malformed; full-page review not implied
http://ghcr.io/peonist-ai/halogen-flash-server:0.8.0,ghcr.io,1wo92rk,Related discussion / media / retail / other,Extracted URL candidate; may be local/example/malformed; full-page review not implied
http://model-bench.py,model-bench.py,1wox73l,Related discussion / media / retail / other,Extracted URL candidate; may be local/example/malformed; full-page review not implied
http://ricardo.ch,ricardo.ch,1wp4eia,Related discussion / media / retail / other,Extracted URL candidate; may be local/example/malformed; full-page review not implied
http://strixhalo.wiki,strixhalo.wiki,1wtjzkq,Related discussion / media / retail / other,Extracted URL candidate; may be local/example/malformed; full-page review not implied
https://acemagic.uk/products/m1a-395,acemagic.uk,1wuxwea,Related discussion / media / retail / other,Extracted URL candidate; may be local/example/malformed; full-page review not implied
https://acemagic.uk/products/m1a-395**,acemagic.uk,1wuxwea,Related discussion / media / retail / other,Extracted URL candidate; may be local/example/malformed; full-page review not implied
https://atomic.chat/blog/guides/how-to-run-qwen-3-8-flash-next-locally,atomic.chat,1wo92rk,Related discussion / media / retail / other,Extracted URL candidate; may be local/example/malformed; full-page review not implied
https://blog.hellas.ai/blog/thunderbolt-ibverbs/,blog.hellas.ai,1wtrf35,Related discussion / media / retail / other,Extracted URL candidate; may be local/example/malformed; full-page review not implied
https://community.frame.work/tags/c/desktop/203/ai/205,community.frame.work,1wox73l,Related discussion / media / retail / other,Extracted URL candidate; may be local/example/malformed; full-page review not implied
https://de.gmktec.com/en/products/gmktec-evo-x3-amd-ryzen%E2%84%A2-ai-max-395-mini-pc?variant=53610823155896,de.gmktec.com,1ws844h,Related discussion / media / retail / other,Extracted URL candidate; may be local/example/malformed; full-page review not implied
https://developer.amd.com/playbooks/speech2speech-translation/,developer.amd.com,1wox73l,Technical source,Extracted URL candidate; may be local/example/malformed; full-page review not implied
https://discord.com/invite/6vDbKaKrKD,discord.com,1wmqzf0,Related discussion / media / retail / other,Extracted URL candidate; may be local/example/malformed; full-page review not implied
https://discord.gg/pnPRyucNrG,discord.gg,1wq9cv6,Related discussion / media / retail / other,Extracted URL candidate; may be local/example/malformed; full-page review not implied
https://en.wikipedia.org/wiki/Sidecar\_file,en.wikipedia.org,1wox73l,Related discussion / media / retail / other,Extracted URL candidate; may be local/example/malformed; full-page review not implied
https://engraft-engram.dev/,engraft-engram.dev,1wqqcbx,Related discussion / media / retail / other,Extracted URL candidate; may be local/example/malformed; full-page review not implied
https://ezsdd,ezsdd,1wpm2tn,Related discussion / media / retail / other,Extracted URL candidate; may be local/example/malformed; full-page review not implied
https://fastflowlm.com,fastflowlm.com,1wuczmb,Technical source,Extracted URL candidate; may be local/example/malformed; full-page review not implied
https://fastflowlm.com/docs/benchmarks/qwen3.8_results/,fastflowlm.com,1wuczmb,Technical source,Extracted URL candidate; may be local/example/malformed; full-page review not implied
https://frame.work/ca/en/products/deskpi-rackmate-10-inch-2u-mini-itx-shelf,frame.work,1wtrf35,Related discussion / media / retail / other,Extracted URL candidate; may be local/example/malformed; full-page review not implied
https://frame.work/ca/en/products/desktop-noctua-cpu-fan,frame.work,1wtrf35,Related discussion / media / retail / other,Extracted URL candidate; may be local/example/malformed; full-page review not implied
https://frame.work/ca/en/products/desktop-power-supply-400w,frame.work,1wtrf35,Related discussion / media / retail / other,Extracted URL candidate; may be local/example/malformed; full-page review not implied
https://frame.work/ca/en/products/framework-desktop-mainboard-amd-ryzen-ai-max-300-series?v=FRAFMK0002,frame.work,1wtrf35,Related discussion / media / retail / other,Extracted URL candidate; may be local/example/malformed; full-page review not implied
https://frame.work/ca/en/products/framework-desktop-mainboard-amd-ryzen-ai-max-300-series?v=FRAFMK0006,frame.work,1wtrf35,Related discussion / media / retail / other,Extracted URL candidate; may be local/example/malformed; full-page review not implied
https://frame.work/products/desktop-diy-amd-aimax400/configuration/new,frame.work,1wugovs,Related discussion / media / retail / other,Extracted URL candidate; may be local/example/malformed; full-page review not implied
https://frame.work/products/refurbished-framework-desktop-diy-edition-amd-ryzen-ai-max-300-series?v=FRAMDB0002R,frame.work,1wp4eia,Related discussion / media / retail / other,Extracted URL candidate; may be local/example/malformed; full-page review not implied
https://gaetan-puleo.github.io/strix-halo-pull-18-results/,gaetan-puleo.github.io,1wql1ru,Related discussion / media / retail / other,Extracted URL candidate; may be local/example/malformed; full-page review not implied
https://gist.github.com/birep/23d61acbf932d25b01d9b61cb94d8e3f,gist.github.com,1wul62u,Technical source,Extracted URL candidate; may be local/example/malformed; full-page review not implied
https://gist.github.com/chosso/fc2cad09ace015e2432ad50fb8a2d61e,gist.github.com,1wohka3,Technical source,Extracted URL candidate; may be local/example/malformed; full-page review not implied
https://github.com/AIdevsmartdata/strixhalo-verified,github.com,1wusyi0,Technical source,Extracted URL candidate; may be local/example/malformed; full-page review not implied
https://github.com/Atlas-Inf/atlas#quick-start,github.com,1wmqzf0,Technical source,Extracted URL candidate; may be local/example/malformed; full-page review not implied
https://github.com/GGZ14/vllm-mxfp4,github.com,1wubq2e,Technical source,Extracted URL candidate; may be local/example/malformed; full-page review not implied
https://github.com/LaurentZuijdwijk/bosgame-m5-gnome-extension,github.com,1wohka3,Technical source,Extracted URL candidate; may be local/example/malformed; full-page review not implied
https://github.com/MKM-030/strix-alloy-wsl2,github.com,1wq6f1d,Technical source,Extracted URL candidate; may be local/example/malformed; full-page review not implied
https://github.com/Mensra/n5-max-homelab,github.com,1wsgaq2,Technical source,Extracted URL candidate; may be local/example/malformed; full-page review not implied
https://github.com/ROCm/FastFlowLM/releases/tag/v1.0.7,github.com,1wuczmb,Technical source,Extracted URL candidate; may be local/example/malformed; full-page review not implied
https://github.com/ROCm/hrx-system,github.com,1wox73l,Technical source,Extracted URL candidate; may be local/example/malformed; full-page review not implied
https://github.com/ciru-ai/ComfyUI-CiruImageAccelerator,github.com,1wq28ss,Technical source,Extracted URL candidate; may be local/example/malformed; full-page review not implied
https://github.com/cmetz/ec-su_axb35-linux,github.com,1wohka3,Technical source,Extracted URL candidate; may be local/example/malformed; full-page review not implied
https://github.com/franzmoca/gufo/blob/feat/gemma/docs/models/gemma-4-31b-qat/BENCHMARKS.md,github.com,1wrva8v,Technical source,Extracted URL candidate; may be local/example/malformed; full-page review not implied
https://github.com/franzmoca/gufo/blob/feat/gemma/docs/models/gemma-4-31b/BENCHMARKS.md,github.com,1wrva8v,Technical source,Extracted URL candidate; may be local/example/malformed; full-page review not implied
https://github.com/ggml-org/llama.cpp/commit/70c4e1582e37e4fd94104eb09301711a0f2675bc,github.com,1ws2un3,Technical source,Extracted URL candidate; may be local/example/malformed; full-page review not implied
https://github.com/guevae2/paoai-qwen38fn-rocm-engine,github.com,1wrc4ti,Technical source,Extracted URL candidate; may be local/example/malformed; full-page review not implied
https://github.com/guevae2/paoai-strix-engine/tree/strix-v4,github.com,1wt0fmd,Technical source,Extracted URL candidate; may be local/example/malformed; full-page review not implied
https://github.com/gufo-org/gufo,github.com,1wovpwl;1wox73l;1wq6f1d;1wqag3o;1wrc3oi;1ws2un3;1ws5etb;1wtjzkq,Technical source,Extracted URL candidate; may be local/example/malformed; full-page review not implied
https://github.com/gufo-org/gufo/blob/main/docs/models/qwen-image-2.1/README.md,github.com,1wqix0w;1ws2un3,Technical source,Extracted URL candidate; may be local/example/malformed; full-page review not implied
https://github.com/gufo-org/gufo/blob/main/docs/models/qwen3-asr/README.md,github.com,1wqix0w;1ws2un3,Technical source,Extracted URL candidate; may be local/example/malformed; full-page review not implied
https://github.com/gufo-org/gufo/blob/main/docs/models/qwen3-tts/README.md,github.com,1wqix0w;1ws2un3,Technical source,Extracted URL candidate; may be local/example/malformed; full-page review not implied
https://github.com/gufo-org/gufo/blob/main/docs/models/qwen3.8-27b/BENCHMARKS.md#single-user-dflash2,github.com,1wox73l,Technical source,Extracted URL candidate; may be local/example/malformed; full-page review not implied
https://github.com/gufo-org/gufo/blob/main/docs/models/qwen3.8-flash-next/BENCHMARKS.md,github.com,1wox73l,Technical source,Extracted URL candidate; may be local/example/malformed; full-page review not implied
https://github.com/gufo-org/gufo/issues/261,github.com,1wox73l,Technical source,Extracted URL candidate; may be local/example/malformed; full-page review not implied
https://github.com/gufo-org/gufo/issues/264,github.com,1wox73l,Technical source,Extracted URL candidate; may be local/example/malformed; full-page review not implied
https://github.com/gufo-org/gufo/issues/266,github.com,1wtjzkq,Technical source,Extracted URL candidate; may be local/example/malformed; full-page review not implied
https://github.com/gufo-org/gufo/issues/273,github.com,1wox73l;1wtjzkq,Technical source,Extracted URL candidate; may be local/example/malformed; full-page review not implied
https://github.com/gufo-org/gufo/issues/275,github.com,1wtjzkq,Technical source,Extracted URL candidate; may be local/example/malformed; full-page review not implied
https://github.com/gufo-org/gufo/issues/278,github.com,1wtjzkq,Technical source,Extracted URL candidate; may be local/example/malformed; full-page review not implied
https://github.com/gufo-org/gufo/issues/318,github.com,1ws2un3,Technical source,Extracted URL candidate; may be local/example/malformed; full-page review not implied
https://github.com/gufo-org/gufo/pull/200,github.com,1wox73l,Technical source,Extracted URL candidate; may be local/example/malformed; full-page review not implied
https://github.com/gufo-org/gufo/pull/228,github.com,1wox73l,Technical source,Extracted URL candidate; may be local/example/malformed; full-page review not implied
https://github.com/gufo-org/gufo/pull/276,github.com,1wox73l,Technical source,Extracted URL candidate; may be local/example/malformed; full-page review not implied
https://github.com/gufo-org/gufo/pull/299,github.com,1wrva8v,Technical source,Extracted URL candidate; may be local/example/malformed; full-page review not implied
https://github.com/gufo-org/gufo/pull/350,github.com,1wtjzkq,Technical source,Extracted URL candidate; may be local/example/malformed; full-page review not implied
https://github.com/gufo-org/gufo/tree/main/.agents/skills/benchmark-model,github.com,1wox73l,Technical source,Extracted URL candidate; may be local/example/malformed; full-page review not implied
https://github.com/gufo-org/gufo/tree/main/docs/models/qwen3.8-flash-next/artifacts,github.com,1wox73l,Technical source,Extracted URL candidate; may be local/example/malformed; full-page review not implied
https://github.com/gufo-org/gufo/tree/main/src/models,github.com,1ws2un3,Technical source,Extracted URL candidate; may be local/example/malformed; full-page review not implied
https://github.com/gufo-org/gufo/tree/main/src/models?,github.com,1wv56sn,Technical source,Extracted URL candidate; may be local/example/malformed; full-page review not implied
https://github.com/gufo-org/toolboxes,github.com,1wox73l,Technical source,Extracted URL candidate; may be local/example/malformed; full-page review not implied
https://github.com/halo-box/strix-llama.cpp,github.com,1wovpwl;1wqag3o;1ws844h;1wsx3ed;1wv2x6c,Technical source,Extracted URL candidate; may be local/example/malformed; full-page review not implied
https://github.com/halo-box/strix-llama.cpp/pull/91,github.com,1wu0nvv,Technical source,Extracted URL candidate; may be local/example/malformed; full-page review not implied
https://github.com/hellas-ai/thunderbolt-ibverbs/tree/main,github.com,1wtrf35,Technical source,Extracted URL candidate; may be local/example/malformed; full-page review not implied
https://github.com/jtsylve/hgn-spec,github.com,1wp4xcw,Technical source,Extracted URL candidate; may be local/example/malformed; full-page review not implied
https://github.com/jtsylve/hgn-spec/,github.com,1wox73l,Technical source,Extracted URL candidate; may be local/example/malformed; full-page review not implied
https://github.com/julianmb/q38rocm,github.com,1wubq2e,Technical source,Extracted URL candidate; may be local/example/malformed; full-page review not implied
https://github.com/kyuz0,github.com,1wox73l,Technical source,Extracted URL candidate; may be local/example/malformed; full-page review not implied
https://github.com/kyuz0/amd-strix-halo-toolboxes,github.com,1ws844h;1wuo7vh,Technical source,Extracted URL candidate; may be local/example/malformed; full-page review not implied
https://github.com/laurentpayot/gnome-shell-extension-axb35-pmode,github.com,1wvavty,Technical source,Extracted URL candidate; may be local/example/malformed; full-page review not implied
https://github.com/lemonade-sdk/lemonade/discussions/3585,github.com,1wox73l;1wtjzkq,Technical source,Extracted URL candidate; may be local/example/malformed; full-page review not implied
https://github.com/neuhaus/gufo/tree/rdma,github.com,1wtrf35,Technical source,Extracted URL candidate; may be local/example/malformed; full-page review not implied
https://github.com/nibor1896/crow-nest/issues/81,github.com,1wndqjl,Technical source,Extracted URL candidate; may be local/example/malformed; full-page review not implied
https://github.com/orenaksakal/strix-halo-gufo-halogen-configs,github.com,1ws2un3,Technical source,Extracted URL candidate; may be local/example/malformed; full-page review not implied
https://github.com/peonist-ai/halogen-flash-server,github.com,1wopx8x;1wovpwl;1ws2un3,Technical source,Extracted URL candidate; may be local/example/malformed; full-page review not implied
https://github.com/peonist-ai/halogen-flash-server/blob/main/CHANGELOG.md#0150,github.com,1wtdufj,Technical source,Extracted URL candidate; may be local/example/malformed; full-page review not implied
https://github.com/pixmaate/gufo,github.com,1wpos8f;1wqix0w,Technical source,Extracted URL candidate; may be local/example/malformed; full-page review not implied
https://github.com/pixmaate/gufo/releases/tag/windows-2026-09-29,github.com,1wsdppv;1wtf6nt,Technical source,Extracted URL candidate; may be local/example/malformed; full-page review not implied
https://github.com/pwilkin/strix-halo,github.com,1wmqzf0,Technical source,Extracted URL candidate; may be local/example/malformed; full-page review not implied
https://github.com/riven8192/llama.cpp-kvchain/tree/hash-chain-kv,github.com,1wq9cv6,Technical source,Extracted URL candidate; may be local/example/malformed; full-page review not implied
https://github.com/rulith-dev/llama.cpp,github.com,1wv2x6c,Technical source,Extracted URL candidate; may be local/example/malformed; full-page review not implied
https://github.com/rulith-dev/rulith-inference,github.com,1wv2x6c,Technical source,Extracted URL candidate; may be local/example/malformed; full-page review not implied
https://github.com/rulith-dev/strixllama,github.com,1wqag3o;1wsx3ed;1wtf6nt,Technical source,Extracted URL candidate; may be local/example/malformed; full-page review not implied
https://github.com/rulith-dev/strixllama#model-files,github.com,1wqag3o,Technical source,Extracted URL candidate; may be local/example/malformed; full-page review not implied
https://github.com/rulith-dev/strixllama/blob/main/docs/getting-started.md,github.com,1wqag3o,Technical source,Extracted URL candidate; may be local/example/malformed; full-page review not implied
https://github.com/rulith-dev/strixllama/releases,github.com,1wqag3o,Technical source,Extracted URL candidate; may be local/example/malformed; full-page review not implied
https://github.com/sixvolts/llama-halo-hybrid,github.com,1wubq2e;1wuxwea,Technical source,Extracted URL candidate; may be local/example/malformed; full-page review not implied
https://github.com/stew675/llama-cpp-rdna-boosts,github.com,1wubq2e,Technical source,Extracted URL candidate; may be local/example/malformed; full-page review not implied
https://github.com/thomas9120/gufo,github.com,1wpos8f;1wqix0w;1wtf6nt;1wv56sn,Technical source,Extracted URL candidate; may be local/example/malformed; full-page review not implied
https://github.com/torvalds/linux,github.com,1wtl5wb,Technical source,Extracted URL candidate; may be local/example/malformed; full-page review not implied
https://github.com/warpfront/hipfire/pull/774,github.com,1wu0nvv,Technical source,Extracted URL candidate; may be local/example/malformed; full-page review not implied
https://huggingface.co/ISTA-DASLab/Qwen3.8-Flash-Next-GSQ-RCO-Coder-GGUF,huggingface.co,1wtirq5,Technical source,Extracted URL candidate; may be local/example/malformed; full-page review not implied
https://huggingface.co/ISTA-DASLab/Qwen3.8-Flash-Next-GSQ-RCO-GGUF,huggingface.co,1wqk6ku,Technical source,Extracted URL candidate; may be local/example/malformed; full-page review not implied
https://huggingface.co/Kevletesteur/Qwen3.8-Flash-Next-StrixHalo-Verified,huggingface.co,1wusyi0,Technical source,Extracted URL candidate; may be local/example/malformed; full-page review not implied
https://huggingface.co/PaoAI/Qwen3.8-27B-PaoAI-ROCmFP4-STRIX-BALANCED-GGUF,huggingface.co,1wt0fmd,Technical source,Extracted URL candidate; may be local/example/malformed; full-page review not implied
https://huggingface.co/PaoAI/Qwen3.8-Flash-Next-PaoAI-STRIX-BALANCED-2-GGUF,huggingface.co,1wrc4ti;1wtvbey,Technical source,Extracted URL candidate; may be local/example/malformed; full-page review not implied
https://huggingface.co/agentionai/Qwen3.8-Flash-Next-AP-GGUF,huggingface.co,1wndqjl,Technical source,Extracted URL candidate; may be local/example/malformed; full-page review not implied
https://huggingface.co/brainnxdomain/Qwen3.8-Flash-Next-Uncensored-Gufo-GGUF,huggingface.co,1wuf2a3,Technical source,Extracted URL candidate; may be local/example/malformed; full-page review not implied
https://huggingface.co/collections/ukisai/swift15-flash-next,huggingface.co,1ws2un3,Technical source,Extracted URL candidate; may be local/example/malformed; full-page review not implied
https://huggingface.co/cygnal/Qwen3.8-Flash-Next-Heretic2-IQ4XS-NGQ4-GGUF,huggingface.co,1wqmip8,Technical source,Extracted URL candidate; may be local/example/malformed; full-page review not implied
https://huggingface.co/jcbtc/GLM5.3-Flash-CIRU-STRIX-IU4,huggingface.co,1wuxwea,Technical source,Extracted URL candidate; may be local/example/malformed; full-page review not implied
https://huggingface.co/jcbtc/Qwen3.8-Flash-CIRU-STRIX-IU4,huggingface.co,1wndqjl;1wopx8x,Technical source,Extracted URL candidate; may be local/example/malformed; full-page review not implied
https://huggingface.co/mudler/Qwen3.8-Flash-Next-APEX-GGUF,huggingface.co,1wo92rk,Technical source,Extracted URL candidate; may be local/example/malformed; full-page review not implied
https://huggingface.co/orcarouter/Qwen3.8-Flash-Next-Uncensored,huggingface.co,1wox73l,Technical source,Extracted URL candidate; may be local/example/malformed; full-page review not implied
https://huggingface.co/ukisai/Swift-1.5-Qwen3.8-Flash-Next-GGUF,huggingface.co,1wqag3o,Technical source,Extracted URL candidate; may be local/example/malformed; full-page review not implied
https://huggingface.co/vmlinux/Qwen3.8-Flash-Next-Uncensored-Gufo-Q4Mix-GGUF,huggingface.co,1wtn6vu,Technical source,Extracted URL candidate; may be local/example/malformed; full-page review not implied
https://i.redd.it/9lw4fgl6a6sh1.png,i.redd.it,1ws2un3,Related discussion / media / retail / other,Extracted URL candidate; may be local/example/malformed; full-page review not implied
https://i.redd.it/9zo28tmhryrh1.jpeg,i.redd.it,1wr754w,Related discussion / media / retail / other,Extracted URL candidate; may be local/example/malformed; full-page review not implied
https://i.redd.it/bl1diga3iish1.png,i.redd.it,1wtjzkq,Related discussion / media / retail / other,Extracted URL candidate; may be local/example/malformed; full-page review not implied
https://i.redd.it/ctzrt6awdfrh1.jpeg,i.redd.it,1wovpwl,Related discussion / media / retail / other,Extracted URL candidate; may be local/example/malformed; full-page review not implied
https://i.redd.it/d0ag08i23xsh1.png,i.redd.it,1wvavty,Related discussion / media / retail / other,Extracted URL candidate; may be local/example/malformed; full-page review not implied
https://i.redd.it/u6s582q1eprh1.gif,i.redd.it,1wq4ge7,Related discussion / media / retail / other,Extracted URL candidate; may be local/example/malformed; full-page review not implied
https://mlcommons.org/2026/07/mlperf-inference-v61-edge-agentic/,mlcommons.org,1wmqzf0,Related discussion / media / retail / other,Extracted URL candidate; may be local/example/malformed; full-page review not implied
https://mlcommons.org/benchmarks/inference-edge,mlcommons.org,1wmqzf0,Related discussion / media / retail / other,Extracted URL candidate; may be local/example/malformed; full-page review not implied
https://old.reddit.com/r/StrixHalo/comments/1wox73l/gufo_the_allinone_strix_halo_inference_engine/pbthsap/,old.reddit.com,1wox73l,Related discussion / media / retail / other,Extracted URL candidate; may be local/example/malformed; full-page review not implied
https://preview.redd.it/0wrj9jqpqgrh1.png?width=1004&format=png&auto=webp&s=8871e5b37875addc5e7def0096fa1b1155fd5a14,preview.redd.it,1wox73l,Related discussion / media / retail / other,Extracted URL candidate; may be local/example/malformed; full-page review not implied
https://preview.redd.it/2yfjh1e34tsh1.png?width=3400&format=png&auto=webp&s=b084baf3e5e0102ab0b9e323304a76740a2e3aef,preview.redd.it,1wusyi0,Related discussion / media / retail / other,Extracted URL candidate; may be local/example/malformed; full-page review not implied
https://preview.redd.it/3oudi7ac8drh1.jpeg?width=1320&format=pjpg&auto=webp&s=2bc01d91ef5a2d194e4dc6bfadd544b50835faf6,preview.redd.it,1wocat8,Related discussion / media / retail / other,Extracted URL candidate; may be local/example/malformed; full-page review not implied
https://preview.redd.it/4rjmp4jnofrh1.jpeg?width=1206&format=pjpg&auto=webp&s=8eb74190dd7399b86e41bf0071a06842c60fbc8c,preview.redd.it,1wovpwl,Related discussion / media / retail / other,Extracted URL candidate; may be local/example/malformed; full-page review not implied
https://preview.redd.it/68hcy2x0yash1.png?width=1628&format=png&auto=webp&s=1044a9ac270a34ccbfc3f640109ef0d800a8b477,preview.redd.it,1wqix0w,Related discussion / media / retail / other,Extracted URL candidate; may be local/example/malformed; full-page review not implied
https://preview.redd.it/8p555uqonosh1.jpeg?width=750&format=pjpg&auto=webp&s=28cabbe6b1beeba8d3c4b2dda905700bc6016eaa,preview.redd.it,1wtrf35,Related discussion / media / retail / other,Extracted URL candidate; may be local/example/malformed; full-page review not implied
https://preview.redd.it/8qivqtjpqpsh1.jpeg?width=3024&format=pjpg&auto=webp&s=2ce16a094eaede1a69f7eb3a24466c270b48ff30,preview.redd.it,1wubq2e,Related discussion / media / retail / other,Extracted URL candidate; may be local/example/malformed; full-page review not implied
https://preview.redd.it/91klio43ewsh1.png?width=1998&format=png&auto=webp&s=69eda50ee3d46c89b9af609782cae68a8732979c,preview.redd.it,1wtjzkq,Related discussion / media / retail / other,Extracted URL candidate; may be local/example/malformed; full-page review not implied
https://preview.redd.it/9l0eskitmfrh1.png?width=2400&format=png&auto=webp&s=25e32f416bc3306e582dcecc329fe87fb8786230,preview.redd.it,1wox73l,Related discussion / media / retail / other,Extracted URL candidate; may be local/example/malformed; full-page review not implied
https://preview.redd.it/9opoahx8ipsh1.png?width=1352&format=png&auto=webp&s=15eb7ae25af4bb4699b950b556328a3b746488a5,preview.redd.it,1wu0nvv,Related discussion / media / retail / other,Extracted URL candidate; may be local/example/malformed; full-page review not implied
https://preview.redd.it/9qi8o42desrh1.jpeg?width=2160&format=pjpg&auto=webp&s=a7f7e9a60614742b524af939704328ef32f56777,preview.redd.it,1wqag3o,Related discussion / media / retail / other,Extracted URL candidate; may be local/example/malformed; full-page review not implied
https://preview.redd.it/b78ey8md1nrh1.png?width=2882&format=png&auto=webp&s=3d143d937e0aebf6cc6b3afcff2097c0ccc425fa,preview.redd.it,1wpos8f,Related discussion / media / retail / other,Extracted URL candidate; may be local/example/malformed; full-page review not implied
https://preview.redd.it/d5uvg0x04tsh1.png?width=3200&format=png&auto=webp&s=01a5bc9203f41481ce4ff6af897c5ed8320cdedf,preview.redd.it,1wusyi0,Related discussion / media / retail / other,Extracted URL candidate; may be local/example/malformed; full-page review not implied
https://preview.redd.it/de3rvtylzmsh1.png?width=2627&format=png&auto=webp&s=dea0d41d8a5edfde5ae9c34140a9b70763905556,preview.redd.it,1wtrf35,Related discussion / media / retail / other,Extracted URL candidate; may be local/example/malformed; full-page review not implied
https://preview.redd.it/e1c8iynfkqrh1.png?width=1248&format=png&auto=webp&s=d5e173d5324d157be47369266339ec961f1f79ff,preview.redd.it,1wpos8f,Related discussion / media / retail / other,Extracted URL candidate; may be local/example/malformed; full-page review not implied
https://preview.redd.it/ge69dxg6gerh1.png?width=276&format=png&auto=webp&s=c2ad8a547c1d3cf753d9b52cf1aac14b43776311,preview.redd.it,1wo92rk,Related discussion / media / retail / other,Extracted URL candidate; may be local/example/malformed; full-page review not implied
https://preview.redd.it/iduoy16nmosh1.jpeg?width=6144&format=pjpg&auto=webp&s=81aebb4ef81a5fae3c6e9a92a43ab3ccafe92b31,preview.redd.it,1wtrf35,Related discussion / media / retail / other,Extracted URL candidate; may be local/example/malformed; full-page review not implied
https://preview.redd.it/j2mtxql7ugrh1.png?width=994&format=png&auto=webp&s=a3a0e460060e92a9e2ad6a9a1184a5e14c553a11,preview.redd.it,1wox73l,Related discussion / media / retail / other,Extracted URL candidate; may be local/example/malformed; full-page review not implied
https://preview.redd.it/j4ipe9t64tsh1.png?width=2200&format=png&auto=webp&s=1bf556aed8e952a774e0f6b37a3e7216c494e1b3,preview.redd.it,1wusyi0,Related discussion / media / retail / other,Extracted URL candidate; may be local/example/malformed; full-page review not implied
https://preview.redd.it/k3idt2dy3vsh1.png?width=1146&format=png&auto=webp&s=239dc4c9b2f13e7fb84c881226e0fd889749b2dd,preview.redd.it,1wubq2e,Related discussion / media / retail / other,Extracted URL candidate; may be local/example/malformed; full-page review not implied
https://preview.redd.it/karvkm8zghrh1.jpeg?width=1074&format=pjpg&auto=webp&s=ac7318e1e3a731e838d217e94acb478cb8836f46,preview.redd.it,1wox73l,Related discussion / media / retail / other,Extracted URL candidate; may be local/example/malformed; full-page review not implied
https://preview.redd.it/mdknl9rvbpsh1.jpeg?width=3024&format=pjpg&auto=webp&s=fa596bd12a3d64425537a28fbcb72c05b459e336,preview.redd.it,1wtrf35,Related discussion / media / retail / other,Extracted URL candidate; may be local/example/malformed; full-page review not implied
https://preview.redd.it/mnq3rgxvdsrh1.jpeg?width=2160&format=pjpg&auto=webp&s=538f96e5be158f20f4595c6385269be162c2eb6b,preview.redd.it,1wqag3o,Related discussion / media / retail / other,Extracted URL candidate; may be local/example/malformed; full-page review not implied
https://preview.redd.it/myr4jsxnkjrh1.jpeg?width=1153&format=pjpg&auto=webp&s=c196682205c45fe9adf0df9a2b3ad1b771dd63dd,preview.redd.it,1wox73l,Related discussion / media / retail / other,Extracted URL candidate; may be local/example/malformed; full-page review not implied
https://preview.redd.it/novyufbnmfrh1.png?width=2400&format=png&auto=webp&s=3c1f16f1de3c3fbf2ba599a56d5c8a479bc635c0,preview.redd.it,1wox73l,Related discussion / media / retail / other,Extracted URL candidate; may be local/example/malformed; full-page review not implied
https://preview.redd.it/nstcumrrbpsh1.jpeg?width=4284&format=pjpg&auto=webp&s=765d6370b6c4aaf9b1c8b84e51873f6b0b6f807a,preview.redd.it,1wtrf35,Related discussion / media / retail / other,Extracted URL candidate; may be local/example/malformed; full-page review not implied
https://preview.redd.it/pon6qsvvhsrh1.jpeg?width=1179&format=pjpg&auto=webp&s=cbdc5d0d7ce53f17fde2775fb60b0a0615a6ed11,preview.redd.it,1wq6f1d,Related discussion / media / retail / other,Extracted URL candidate; may be local/example/malformed; full-page review not implied
https://preview.redd.it/qikq3pz48drh1.jpeg?width=1320&format=pjpg&auto=webp&s=ae3c2786c8c33f811ff2dd84d37732c0f4a094e1,preview.redd.it,1wocat8,Related discussion / media / retail / other,Extracted URL candidate; may be local/example/malformed; full-page review not implied
https://preview.redd.it/t66fkomd8crh1.jpeg?width=379&format=pjpg&auto=webp&s=d46956ecdd2142cc7fcb6aabb50455666d8bace1,preview.redd.it,1wocat8,Related discussion / media / retail / other,Extracted URL candidate; may be local/example/malformed; full-page review not implied
https://preview.redd.it/tcpbftw44tsh1.png?width=2000&format=png&auto=webp&s=b677b64893850ce504af4733684944cd1e1dfec6,preview.redd.it,1wusyi0,Related discussion / media / retail / other,Extracted URL candidate; may be local/example/malformed; full-page review not implied
https://preview.redd.it/ui00k1od7vsh1.png?width=1146&format=png&auto=webp&s=520c764fb50f67cea87fe2ee9dc2d55826c16e76,preview.redd.it,1wubq2e,Related discussion / media / retail / other,Extracted URL candidate; may be local/example/malformed; full-page review not implied
https://preview.redd.it/vuho9khvj8sh1.png?width=949&format=png&auto=webp&s=992d51c37c37c0a93b77bae758b3baba9bb0f076,preview.redd.it,1ws2un3,Related discussion / media / retail / other,Extracted URL candidate; may be local/example/malformed; full-page review not implied
https://preview.redd.it/w9y3b4xc1nsh1.png?width=1241&format=png&auto=webp&s=2cee4c799cb72ba4b555658c47a0694cf5523b22,preview.redd.it,1wu0nvv,Related discussion / media / retail / other,Extracted URL candidate; may be local/example/malformed; full-page review not implied
https://preview.redd.it/x19rffw2ekrh1.png?width=1320&format=png&auto=webp&s=5f865e015cb90393be0f5e80e828cc5f97abd185,preview.redd.it,1wpizbi,Related discussion / media / retail / other,Extracted URL candidate; may be local/example/malformed; full-page review not implied
https://preview.redd.it/y3enrbg84tsh1.png?width=3000&format=png&auto=webp&s=de65055d863b83c7269b09ef669a247700b52773,preview.redd.it,1wusyi0,Related discussion / media / retail / other,Extracted URL candidate; may be local/example/malformed; full-page review not implied
https://preview.redd.it/yidlkw943qsh1.png?width=1494&format=png&auto=webp&s=1f864cd63072920b12c3a367ac44282f06290d5e,preview.redd.it,1wubq2e,Related discussion / media / retail / other,Extracted URL candidate; may be local/example/malformed; full-page review not implied
https://preview.redd.it/zuqvzgieuirh1.png?width=929&format=png&auto=webp&s=f2cc874d9212f1523e50d485449b193461128885,preview.redd.it,1wox73l,Related discussion / media / retail / other,Extracted URL candidate; may be local/example/malformed; full-page review not implied
https://preview.redd.it/zy01jksgbvsh1.png?width=1146&format=png&auto=webp&s=090571122639c65b83d5a10ba377cea8c25f23f5,preview.redd.it,1wubq2e,Related discussion / media / retail / other,Extracted URL candidate; may be local/example/malformed; full-page review not implied
https://rocm.docs.amd.com/en/latest/install/rocm.html?fam=ryzen&w=compute&gpu=amd-ryzen-ai-max-pro-495&os=ubuntu&ubuntu-ver=26.04&i=pkgman&gfx=gfx1151,rocm.docs.amd.com,1wox73l,Technical source,Extracted URL candidate; may be local/example/malformed; full-page review not implied
https://rulith.ai,rulith.ai,1wv2x6c,Related discussion / media / retail / other,Extracted URL candidate; may be local/example/malformed; full-page review not implied
https://strix-halo-toolboxes.com,strix-halo-toolboxes.com,1ws2un3,Related discussion / media / retail / other,Extracted URL candidate; may be local/example/malformed; full-page review not implied
https://strixhalo.wiki/,strixhalo.wiki,1wq9cv6,Related discussion / media / retail / other,Extracted URL candidate; may be local/example/malformed; full-page review not implied
https://unsloth.ai/docs/models/qwen3.8-next,unsloth.ai,1wo92rk,Related discussion / media / retail / other,Extracted URL candidate; may be local/example/malformed; full-page review not implied
https://v.redd.it/i0mgtj0t1lsh1,v.redd.it,1wtvbey,Related discussion / media / retail / other,Extracted URL candidate; may be local/example/malformed; full-page review not implied
https://www.amazon.ca/dp/B0DC4W5W69?ref=ppx_yo2ov_dt_b_fed_asin_title&th=1,www.amazon.ca,1wtrf35,Related discussion / media / retail / other,Extracted URL candidate; may be local/example/malformed; full-page review not implied
https://www.amazon.ca/dp/B0FPF8CRYG?ref=ppx_yo2ov_dt_b_fed_asin_title&th=1,www.amazon.ca,1wtrf35,Related discussion / media / retail / other,Extracted URL candidate; may be local/example/malformed; full-page review not implied
https://www.bosgame.com/products/bosgame-m5-ai-mini-desktop-ryzen-ai-max-395-96gb-128gb-2tb?srsltid=AU7gw4XTTbB7oCbaMpiISjoe_lsVOWKFhTOK9EMftipmD1eO8m8D5GM5,www.bosgame.com,1wp4eia,Related discussion / media / retail / other,Extracted URL candidate; may be local/example/malformed; full-page review not implied
https://www.bosgamepc.com/products/bosgame-m5-ai-mini-desktop-ryzen-ai-max-395,www.bosgamepc.com,1wp4eia;1wtrf35,Related discussion / media / retail / other,Extracted URL candidate; may be local/example/malformed; full-page review not implied
https://www.bosgamepc.com/products/bosgame-m5-ai-mini-desktop-ryzen-ai-max-395?sku=18073504178329773749034095,www.bosgamepc.com,1ws844h,Related discussion / media / retail / other,Extracted URL candidate; may be local/example/malformed; full-page review not implied
https://www.canadacomputers.com/en/workstations/279129/nvidia-dgx-spark-ai-mini-pc-940-54242-0000-000-940-54242-0000-000.html,www.canadacomputers.com,1wtrf35,Related discussion / media / retail / other,Extracted URL candidate; may be local/example/malformed; full-page review not implied
https://www.corsair.com/us/en/explorer/gamer/gaming-pcs/amd-precision-boost-overdrive-pbo-explained,www.corsair.com,1wohka3,Related discussion / media / retail / other,Extracted URL candidate; may be local/example/malformed; full-page review not implied
https://www.ebay.ca/itm/358639100493,www.ebay.ca,1wtrf35,Related discussion / media / retail / other,Extracted URL candidate; may be local/example/malformed; full-page review not implied
https://www.gmktec.com/products/gmktec-evo-x5-pro-amd-ryzen-ai-max-pro-495-ai-mini-pc,www.gmktec.com,1ws844h,Related discussion / media / retail / other,Extracted URL candidate; may be local/example/malformed; full-page review not implied
https://www.jeffgeerling.com/blog/2025/not-all-oculink-egpu-docks-are-created-equal/,www.jeffgeerling.com,1wuxwea,Related discussion / media / retail / other,Extracted URL candidate; may be local/example/malformed; full-page review not implied
https://www.lucebox.com/engine,www.lucebox.com,1wubq2e,Related discussion / media / retail / other,Extracted URL candidate; may be local/example/malformed; full-page review not implied
https://www.microsoft.com/en-us/surface/devices/surface-laptop-ultra,www.microsoft.com,1wqnvq8,Related discussion / media / retail / other,Extracted URL candidate; may be local/example/malformed; full-page review not implied
https://www.phoronix.com/news/Lemonade-11.9-ROCm-HRX,www.phoronix.com,1wox73l,Related discussion / media / retail / other,Extracted URL candidate; may be local/example/malformed; full-page review not implied
https://www.phoronix.com/review/amd-perfopt,www.phoronix.com,1wtl5wb,Related discussion / media / retail / other,Extracted URL candidate; may be local/example/malformed; full-page review not implied
https://www.reddit.com/gallery/1wrva8v,www.reddit.com,1wrva8v,Related discussion / media / retail / other,Extracted URL candidate; may be local/example/malformed; full-page review not implied
https://www.reddit.com/gallery/1ws5egm,www.reddit.com,1ws5etb,Related discussion / media / retail / other,Extracted URL candidate; may be local/example/malformed; full-page review not implied
https://www.reddit.com/r/LocalLLaMA/comments/1wuet5g/update\_strix\_halo\_r9700\_with\_llamahalohybrid\_now/,www.reddit.com,1wubq2e,Related discussion / media / retail / other,Extracted URL candidate; may be local/example/malformed; full-page review not implied
https://www.reddit.com/r/LocalLLaMA/comments/1wuet5g/update_strix_halo_r9700_with_llamahalohybrid_now/,www.reddit.com,1wubq2e,Related discussion / media / retail / other,Extracted URL candidate; may be local/example/malformed; full-page review not implied
https://www.reddit.com/r/Qwen\_AI/comments/1wu0saz/benchmarks\_best\_engine\_for\_qwen\_38flashnext\_on/,www.reddit.com,1wovpwl,Related discussion / media / retail / other,Extracted URL candidate; may be local/example/malformed; full-page review not implied
https://www.reddit.com/r/Qwen_AI/comments/1wu0saz/benchmarks_best_engine_for_qwen_38flashnext_on/,www.reddit.com,1wovpwl,Related discussion / media / retail / other,Extracted URL candidate; may be local/example/malformed; full-page review not implied
https://www.reddit.com/r/StrixHalo/comments/1w7gu6f/halogen_flash_server_experience_blazing_fast_but/p81artj/,www.reddit.com,1wmqzf0,Related discussion / media / retail / other,Extracted URL candidate; may be local/example/malformed; full-page review not implied
https://www.reddit.com/r/StrixHalo/comments/1wlnn0s/looking\_for\_advice\_best\_simple\_setup\_for\_a\_128gb/pb28vdt/,www.reddit.com,1wndqjl,Related discussion / media / retail / other,Extracted URL candidate; may be local/example/malformed; full-page review not implied
https://www.reddit.com/r/StrixHalo/comments/1wlnn0s/looking_for_advice_best_simple_setup_for_a_128gb/pb28vdt/,www.reddit.com,1wndqjl,Related discussion / media / retail / other,Extracted URL candidate; may be local/example/malformed; full-page review not implied
https://www.reddit.com/r/StrixHalo/comments/1wo92rk/anybody_running_flash_next_on_a_96gb/,www.reddit.com,1wo92rk,Related discussion / media / retail / other,Extracted URL candidate; may be local/example/malformed; full-page review not implied
https://www.reddit.com/r/StrixHalo/comments/1wocat8/what_running_local_ai_on_both_strix_halo_and_an/,www.reddit.com,1wocat8,Related discussion / media / retail / other,Extracted URL candidate; may be local/example/malformed; full-page review not implied
https://www.reddit.com/r/StrixHalo/comments/1wohka3/strix_halo_bios_performence_mode_in_bios/,www.reddit.com,1wohka3,Related discussion / media / retail / other,Extracted URL candidate; may be local/example/malformed; full-page review not implied
https://www.reddit.com/r/StrixHalo/comments/1woixu7/how_well_does_strix_halo_work_for_gis_software/,www.reddit.com,1woixu7,Related discussion / media / retail / other,Extracted URL candidate; may be local/example/malformed; full-page review not implied
https://www.reddit.com/r/StrixHalo/comments/1wonj0e/disable_zram_for_more_gpu_memory/,www.reddit.com,1wonj0e,Related discussion / media / retail / other,Extracted URL candidate; may be local/example/malformed; full-page review not implied
https://www.reddit.com/r/StrixHalo/comments/1wopx8x/best_coding_model_for_strix_halo/,www.reddit.com,1wopx8x,Related discussion / media / retail / other,Extracted URL candidate; may be local/example/malformed; full-page review not implied
https://www.reddit.com/r/StrixHalo/comments/1wox73l/comment/pbry0mg/,www.reddit.com,1wpm2tn,Related discussion / media / retail / other,Extracted URL candidate; may be local/example/malformed; full-page review not implied
https://www.reddit.com/r/StrixHalo/comments/1wox73l/comment/pbtxrbp/,www.reddit.com,1wpm2tn,Related discussion / media / retail / other,Extracted URL candidate; may be local/example/malformed; full-page review not implied
https://www.reddit.com/r/StrixHalo/comments/1wox73l/gufo\_the\_allinone\_strix\_halo\_inference\_engine/,www.reddit.com,1wpizbi;1wpm2tn,Related discussion / media / retail / other,Extracted URL candidate; may be local/example/malformed; full-page review not implied
https://www.reddit.com/r/StrixHalo/comments/1wox73l/gufo_the_allinone_strix_halo_inference_engine/,www.reddit.com,1wpizbi;1wpm2tn;1wqnvq8;1ws844h,Related discussion / media / retail / other,Extracted URL candidate; may be local/example/malformed; full-page review not implied
https://www.reddit.com/r/StrixHalo/comments/1wp4eia/looking_for_strix_halo_options/,www.reddit.com,1wp4eia,Related discussion / media / retail / other,Extracted URL candidate; may be local/example/malformed; full-page review not implied
https://www.reddit.com/r/StrixHalo/comments/1wpizbi/qwen_and_me_working_on_a_better_home_for_qwen/,www.reddit.com,1wpizbi,Related discussion / media / retail / other,Extracted URL candidate; may be local/example/malformed; full-page review not implied
https://www.reddit.com/r/StrixHalo/comments/1wpm2tn/just_a_quick_whatever_is_the_opposite_of_a_rant/,www.reddit.com,1wpm2tn,Related discussion / media / retail / other,Extracted URL candidate; may be local/example/malformed; full-page review not implied
https://www.reddit.com/r/StrixHalo/comments/1wpos8f/what_flagsargs_do_you_run_for_halogengufo/,www.reddit.com,1wpos8f,Related discussion / media / retail / other,Extracted URL candidate; may be local/example/malformed; full-page review not implied
https://www.reddit.com/r/StrixHalo/comments/1wq6f1d/halogen_numbers_but_on_windows_qwen_38_flash_next/,www.reddit.com,1wq6f1d,Related discussion / media / retail / other,Extracted URL candidate; may be local/example/malformed; full-page review not implied
https://www.reddit.com/r/StrixHalo/comments/1wqag3o/strix_llama_qwen38flashnext_125b_moe_at_1180_ts/,www.reddit.com,1wqag3o,Related discussion / media / retail / other,Extracted URL candidate; may be local/example/malformed; full-page review not implied
https://www.reddit.com/r/StrixHalo/comments/1wqix0w/gufo_windows_port_38_flash_next_testers_needed/,www.reddit.com,1wqix0w,Related discussion / media / retail / other,Extracted URL candidate; may be local/example/malformed; full-page review not implied
https://www.reddit.com/r/StrixHalo/comments/1wqk6ku/qwen38_flash_next_on_64gb_wasting_time_or_worth/,www.reddit.com,1wqk6ku,Related discussion / media / retail / other,Extracted URL candidate; may be local/example/malformed; full-page review not implied
https://www.reddit.com/r/StrixHalo/comments/1wql1ru/vulkan_beats_rocm_for_performance/,www.reddit.com,1wql1ru,Related discussion / media / retail / other,Extracted URL candidate; may be local/example/malformed; full-page review not implied
https://www.reddit.com/r/StrixHalo/comments/1wqmip8/what_are_you_using_for_hermes_and_opencode/,www.reddit.com,1wqmip8,Related discussion / media / retail / other,Extracted URL candidate; may be local/example/malformed; full-page review not implied
https://www.reddit.com/r/StrixHalo/comments/1wqnvq8/strix_halo_vs_dgx_spark_vs_mac_studio/,www.reddit.com,1wqnvq8,Related discussion / media / retail / other,Extracted URL candidate; may be local/example/malformed; full-page review not implied
https://www.reddit.com/r/StrixHalo/comments/1wqsv03/yet_another_windows_strix_halo_q38fn_attempt/,www.reddit.com,1wqsv03,Related discussion / media / retail / other,Extracted URL candidate; may be local/example/malformed; full-page review not implied
https://www.reddit.com/r/StrixHalo/comments/1wrc3oi/ai_max_395_laptop_or_minipc_for_local_ai/,www.reddit.com,1wrc3oi,Related discussion / media / retail / other,Extracted URL candidate; may be local/example/malformed; full-page review not implied
https://www.reddit.com/r/StrixHalo/comments/1wrc4ti/qwen38flashnext_balanced21_78_gb_one_box_full/,www.reddit.com,1wrc4ti,Related discussion / media / retail / other,Extracted URL candidate; may be local/example/malformed; full-page review not implied
https://www.reddit.com/r/StrixHalo/comments/1wsdppv/gufo_windows_and_using_egpus_like_r9700/,www.reddit.com,1wsdppv,Related discussion / media / retail / other,Extracted URL candidate; may be local/example/malformed; full-page review not implied
https://www.reddit.com/r/StrixHalo/comments/1wsgaq2/strix_halo_8060s_128_gb_running_fullquality_flux2/,www.reddit.com,1wsgaq2,Related discussion / media / retail / other,Extracted URL candidate; may be local/example/malformed; full-page review not implied
https://www.reddit.com/r/StrixHalo/comments/1wshkm2/thinking_of_gmktec_evo_x2_128gb_as_ai_computer/,www.reddit.com,1wshkm2,Related discussion / media / retail / other,Extracted URL candidate; may be local/example/malformed; full-page review not implied
https://www.reddit.com/r/StrixHalo/comments/1wsx3ed/til_strix_is_a_genus_of_owls_and_gufo_is_owl_in/,www.reddit.com,1wsx3ed,Related discussion / media / retail / other,Extracted URL candidate; may be local/example/malformed; full-page review not implied
https://www.reddit.com/r/StrixHalo/comments/1wt0fmd/qwen3827b_rocmfp4_on_one_strix_halo_3_serving/,www.reddit.com,1wt0fmd,Related discussion / media / retail / other,Extracted URL candidate; may be local/example/malformed; full-page review not implied
https://www.reddit.com/r/StrixHalo/comments/1wtbbi4/strix_halo_teaser_88_gb_qwen38flashnext_512/,www.reddit.com,1wtbbi4,Related discussion / media / retail / other,Extracted URL candidate; may be local/example/malformed; full-page review not implied
https://www.reddit.com/r/StrixHalo/comments/1wtdufj/halogen_v015/,www.reddit.com,1wtdufj,Related discussion / media / retail / other,Extracted URL candidate; may be local/example/malformed; full-page review not implied
https://www.reddit.com/r/StrixHalo/comments/1wtf6nt/gufo_win_27b_and_35ba3b_support/,www.reddit.com,1wtf6nt,Related discussion / media / retail / other,Extracted URL candidate; may be local/example/malformed; full-page review not implied
https://www.reddit.com/r/StrixHalo/comments/1wtirq5/qwen38_fn_coder_heavy_quant_llama_eats_cpu_side/,www.reddit.com,1wtirq5,Related discussion / media / retail / other,Extracted URL candidate; may be local/example/malformed; full-page review not implied
https://www.reddit.com/r/StrixHalo/comments/1wtp48d/lemond_ignores_permodel_llamacpp_args_rope_flags/,www.reddit.com,1wtp48d,Related discussion / media / retail / other,Extracted URL candidate; may be local/example/malformed; full-page review not implied
https://www.reddit.com/r/StrixHalo/comments/1wtrf35/tell_me_why_i_shouldnt_do_this_please/,www.reddit.com,1wtrf35,Related discussion / media / retail / other,Extracted URL candidate; may be local/example/malformed; full-page review not implied
https://www.reddit.com/r/StrixHalo/comments/1wu6627/fevm_faex1_strix_halo_linux_audio_35mm_headphone/,www.reddit.com,1wu6627,Related discussion / media / retail / other,Extracted URL candidate; may be local/example/malformed; full-page review not implied
https://www.reddit.com/r/StrixHalo/comments/1wubq2e/strix_halo_egpu/,www.reddit.com,1wubq2e,Related discussion / media / retail / other,Extracted URL candidate; may be local/example/malformed; full-page review not implied
https://www.reddit.com/r/StrixHalo/comments/1wuf2a3/orcarouterqwen38flashnextuncensored_gufo/,www.reddit.com,1wuf2a3,Related discussion / media / retail / other,Extracted URL candidate; may be local/example/malformed; full-page review not implied
https://www.reddit.com/r/StrixHalo/comments/1wul62u/fix_for_hipstreamcreate_oom_on_strix_halo_rocm/,www.reddit.com,1wul62u,Related discussion / media / retail / other,Extracted URL candidate; may be local/example/malformed; full-page review not implied
https://www.reddit.com/r/StrixHalo/comments/1wusyi0/qwen38flashnext_125b_on_one_strix_halo_vulkan/,www.reddit.com,1wusyi0,Related discussion / media / retail / other,Extracted URL candidate; may be local/example/malformed; full-page review not implied
https://www.reddit.com/r/StrixHalo/comments/1wuxwea/im_resorting_to_something_i_hate_doing_and_thats/,www.reddit.com,1wuxwea,Related discussion / media / retail / other,Extracted URL candidate; may be local/example/malformed; full-page review not implied
https://www.reddit.com/r/StrixHalo/comments/1wv2x6c/rulith_inference_formerly_strix_llama_04_125b_moe/,www.reddit.com,1wv2x6c,Related discussion / media / retail / other,Extracted URL candidate; may be local/example/malformed; full-page review not implied
https://www.reddit.com/r/StrixHalo/comments/1wv3r3g/strixhalo_64gb_what_is_the_best_windows_based/,www.reddit.com,1wv3r3g,Related discussion / media / retail / other,Extracted URL candidate; may be local/example/malformed; full-page review not implied
https://www.reddit.com/r/StrixHalo/comments/1wvahxw/96gb_please_share_your_stack/,www.reddit.com,1wvahxw,Related discussion / media / retail / other,Extracted URL candidate; may be local/example/malformed; full-page review not implied
https://www.reddit.com/user/deepu105/,www.reddit.com,1wu0nvv,Related discussion / media / retail / other,Extracted URL candidate; may be local/example/malformed; full-page review not implied
https://www.storagereview.com/news/mlperf-inference-v6-1-5-7x-per-accelerator-gains-a-512-gpu-run-and-vera-rubins-first-peer-reviewed-numbers,www.storagereview.com,1wmqzf0,Related discussion / media / retail / other,Extracted URL candidate; may be local/example/malformed; full-page review not implied
https://www.youtube.com/@donatocapitella,www.youtube.com,1ws2un3,Related discussion / media / retail / other,Extracted URL candidate; may be local/example/malformed; full-page review not implied
https://www.youtube.com/redirect?event=video_description&redir_token=QUZZTVljRVAweV9pdTRINFJ6Qm45WkhQOWZfZHxBTl9pYzRjcW9SSXVyX0J1R1p1czFVZVNmc1JWYmFFcWVMUEJuUFJCUUF6MFQydU03eDU2U3JtVm94UHNHOGdlVlVpY01LLWZZWUVibW0wUGszbUlLV2pzbkhKa1hRWGhOYnkz&q=https%3A%2F%2Fgithub.com%2Fpwilkin%2Fstrix-halo&v=zLj76SZZmpc,www.youtube.com,1wmqzf0,Related discussion / media / retail / other,Extracted URL candidate; may be local/example/malformed; full-page review not implied
https://www.youtube.com/watch?v=1DaMkTuiCEQ,www.youtube.com,1wtrf35,Related discussion / media / retail / other,Extracted URL candidate; may be local/example/malformed; full-page review not implied
https://www.youtube.com/watch?v=RfkeZ0HciA0,www.youtube.com,1wuxwea,Related discussion / media / retail / other,Extracted URL candidate; may be local/example/malformed; full-page review not implied
https://x.com/ciruai/status/2102903276173758971?s=20,x.com,1wpk96m,Related discussion / media / retail / other,Extracted URL candidate; may be local/example/malformed; full-page review not implied
https://youtu.be/wZETjtyFUw0,youtu.be,1wocat8,Related discussion / media / retail / other,Extracted URL candidate; may be local/example/malformed; full-page review not implied
