case,capacity,input,output,n,prefill_tps,decode_tps,prefill_stdev,decode_stdev
latest-ub512-32k,32768,512,1,3,550.7336768677709,,3.2812924549637246,
latest-ub512-32k,32768,512,128,3,548.4933588672235,11.891323686347237,4.179893073998184,0.014262168610142179
latest-ub512-32k,32768,2048,1,3,722.000775019726,,1.5103003890782063,
latest-ub512-32k,32768,2048,128,3,720.8487033678829,12.626468148949279,3.0732226450678106,0.025820821300720807
mapped-lookup32k,32768,512,1,3,549.1142623930646,,3.8598208931204456,
mapped-lookup32k,32768,512,128,3,550.2439448976484,11.898041811904845,3.4488969267438723,0.01960137633414374
mapped-lookup32k,32768,2048,1,3,737.2436850304625,,2.6183203928933847,
mapped-lookup32k,32768,2048,128,3,737.0515265899026,12.66956062845698,1.514430935815746,0.0013242964134451318
mapped-ub512-262k,262144,512,1,3,528.8862410676734,,7.698732861970599,
mapped-ub512-262k,262144,512,128,3,536.6560835134222,11.745631659811396,3.3329440055946646,0.01090532415785333
mapped-ub512-262k,262144,2048,1,3,720.7694396303699,,1.9408461809650623,
mapped-ub512-262k,262144,2048,128,3,722.0100900652337,12.536353809638404,0.9407039818790779,0.007913255460822244
serial-mapped512-262k,262144,512,1,3,553.3305109545803,,6.271340910771245,
serial-mapped512-262k,262144,512,128,3,554.3850077360333,6.3469546545467885,2.924693601022523,0.01342619453977767
serial-mapped512-262k,262144,2048,1,3,739.6907183536032,,1.3613476453988373,
serial-mapped512-262k,262144,2048,128,3,738.5277124372565,6.233132285625955,3.782401571443104,0.0040067776292242495
mtp-no-graphs262k,262144,512,1,3,533.099245886645,,1.7373817827653604,
mtp-no-graphs262k,262144,512,128,3,532.9615169330638,11.763218581828319,1.1394058110488952,0.010238770803917123
mtp-no-graphs262k,262144,2048,1,3,709.7757021725082,,3.852339125452039,
mtp-no-graphs262k,262144,2048,128,3,709.4399195361772,12.52891015876184,1.674438085489676,0.009585231745638217
