case,mode,capacity,input,output,n,prefill_tps,decode_tps,decode_stdev,timing_basis,driver
resident_mtp_fresh,mtp,262144,512,1,3,538.4643407101304,,,native_engine_no_clock_rescaling,32.0.32015.2008
resident_mtp_fresh,mtp,262144,512,128,3,538.8787092047103,11.779322673123767,0.016461194654611128,native_engine_no_clock_rescaling,32.0.32015.2008
resident_mtp_fresh,mtp,262144,2048,1,3,718.9267794918268,,,native_engine_no_clock_rescaling,32.0.32015.2008
resident_mtp_fresh,mtp,262144,2048,128,3,720.5308030178594,12.544941037370558,0.013264997007692524,native_engine_no_clock_rescaling,32.0.32015.2008
resident_serial_retained,serial,262144,512,1,3,553.3305109545803,,,native_engine_no_clock_rescaling,32.0.32015.2008
resident_serial_retained,serial,262144,512,128,3,554.3850077360333,6.3469546545467885,0.01342619453977767,native_engine_no_clock_rescaling,32.0.32015.2008
resident_serial_retained,serial,262144,2048,1,3,739.6907183536032,,,native_engine_no_clock_rescaling,32.0.32015.2008
resident_serial_retained,serial,262144,2048,128,3,738.5277124372565,6.233132285625955,0.0040067776292242495,native_engine_no_clock_rescaling,32.0.32015.2008
balanced_serial,serial,262144,512,1,3,721.9403279344187,,,native_engine_no_clock_rescaling,32.0.32015.2008
balanced_serial,serial,262144,512,128,3,720.2300400148542,33.11994672930039,0.06131078244444082,native_engine_no_clock_rescaling,32.0.32015.2008
balanced_serial,serial,262144,2048,1,3,895.6407264521645,,,native_engine_no_clock_rescaling,32.0.32015.2008
balanced_serial,serial,262144,2048,128,3,891.2908298302583,31.77011540218461,0.010406943594233888,native_engine_no_clock_rescaling,32.0.32015.2008
registered_serial_repeat,serial,262144,512,1,3,729.6189609662543,,,native_engine_no_clock_rescaling,32.0.32015.2008
registered_serial_repeat,serial,262144,512,128,3,725.9025748325299,33.482282635377764,0.09450695634249708,native_engine_no_clock_rescaling,32.0.32015.2008
registered_serial_repeat,serial,262144,2048,1,3,892.5958656273991,,,native_engine_no_clock_rescaling,32.0.32015.2008
registered_serial_repeat,serial,262144,2048,128,3,887.5481256993809,32.024172698292666,0.01669298653145413,native_engine_no_clock_rescaling,32.0.32015.2008
