case,capacity,size,output,drafter,n,pp_mean,decode_mean,pp_stdev,decode_stdev
v2-baseline-cold,262144,512,1,serial,3,1048.5746576230247,0.0,2.3933057987957698,0.0
v2-baseline-cold,262144,512,128,mtp,3,992.0307055063164,42.93693672628272,43.11771449802532,0.44438207874760993
v2-baseline-cold,262144,512,128,serial,3,1047.724844769838,36.72236149407931,3.7307825341295167,0.20874906472003701
v2-baseline-cold,262144,2048,1,serial,3,1384.2057332523348,0.0,25.25253825999968,0.0
v2-baseline-cold,262144,2048,128,mtp,3,1383.133153875204,43.9410536300097,30.08155676672245,0.508438061484468
v2-baseline-cold,262144,2048,128,serial,3,1379.5560977561138,35.79588212050174,30.417168781948472,0.18605804331380674
v2-base-large-cold,262144,8192,1,serial,3,1368.2748983904103,0.0,1.661800507739286,0.0
v2-base-large-cold,262144,8192,128,mtp,3,1328.8650179173062,40.71153121518328,8.645556241620673,0.836935476891153
v2-base-large-cold,262144,8192,128,serial,3,1345.1476336559836,34.69880416168302,20.083290471635785,2.556199871920539
