checkpoint,before_driver,after_driver,comparison_scope,input,output,mode,metric,before,before_run,after,change_percent
v2,32.0.31041.1004,32.0.32015.2008,observational_before_after_stack_not_driver_only,512,1,serial,prefill,1025.1419562213873,639aba02d8be46eaa76ba82f13434c80,1043.028552939145,1.7447921830930246
v2,32.0.31041.1004,32.0.32015.2008,observational_before_after_stack_not_driver_only,512,128,serial,decode,36.95716760694981,639aba02d8be46eaa76ba82f13434c80,36.32748122399219,-1.7038274947217769
v2,32.0.31041.1004,32.0.32015.2008,observational_before_after_stack_not_driver_only,512,128,mtp,decode,43.16936384529279,639aba02d8be46eaa76ba82f13434c80,42.778609535796704,-0.9051657812156888
v2,32.0.31041.1004,32.0.32015.2008,observational_before_after_stack_not_driver_only,2048,1,serial,prefill,1358.5634929138598,639aba02d8be46eaa76ba82f13434c80,1375.7134909640856,1.262362645520687
v2,32.0.31041.1004,32.0.32015.2008,observational_before_after_stack_not_driver_only,2048,128,serial,decode,36.17205565484198,639aba02d8be46eaa76ba82f13434c80,35.771984321355944,-1.1060232166608341
v2,32.0.31041.1004,32.0.32015.2008,observational_before_after_stack_not_driver_only,2048,128,mtp,decode,45.27050807355437,639aba02d8be46eaa76ba82f13434c80,44.619648783898526,-1.4377114756440101
w4b,32.0.31041.1004,32.0.32015.2008,observational_before_after_stack_not_driver_only,512,1,serial,prefill,967.7442190676362,a5537e12fe224e7ea99a7f657a4f439a,986.8736869930672,1.9767070211859306
w4b,32.0.31041.1004,32.0.32015.2008,observational_before_after_stack_not_driver_only,512,128,serial,decode,34.49731317721393,a5537e12fe224e7ea99a7f657a4f439a,35.16441100344252,1.933767487345106
w4b,32.0.31041.1004,32.0.32015.2008,observational_before_after_stack_not_driver_only,512,128,mtp,decode,42.408535114276305,a5537e12fe224e7ea99a7f657a4f439a,42.716998156700214,0.7273607579057151
w4b,32.0.31041.1004,32.0.32015.2008,observational_before_after_stack_not_driver_only,2048,1,serial,prefill,1323.3807416173192,a5537e12fe224e7ea99a7f657a4f439a,1357.5743990339076,2.5838110183468377
w4b,32.0.31041.1004,32.0.32015.2008,observational_before_after_stack_not_driver_only,2048,128,serial,decode,34.079864867492496,a5537e12fe224e7ea99a7f657a4f439a,34.32218406109226,0.7110333170097238
w4b,32.0.31041.1004,32.0.32015.2008,observational_before_after_stack_not_driver_only,2048,128,mtp,decode,42.39228115556811,a5537e12fe224e7ea99a7f657a4f439a,42.89631373935054,1.1889725441590837
